participant_id,cohort_year,survey_date,age_at_enrollment,grade_level,race_ethnicity,gender,high_school,title_1_school,family_income_range,household_size,first_generation_college,program_track,transportation_barrier,childcare_needs,act_composite_pre,act_english_pre,act_math_pre,act_reading_pre,act_science_pre,sat_total_pre,sat_math_pre,sat_verbal_pre,gpa_pre,college_readiness_self_rating,study_hours_per_week,career_confidence_rating,academic_support_at_home,technology_access,post_secondary_plan,act_composite_post,act_english_post,act_math_post,act_reading_post,act_science_post,sat_total_post,sat_math_post,sat_verbal_post,gpa_post,college_readiness_self_rating_post,study_hours_per_week_post,career_confidence_rating_post,post_secondary_enrollment,scholarship_received,scholarship_amount,program_satisfaction,would_recommend,act_improvement,sat_improvement,gpa_improvement,readiness_improvement,career_confidence_improvement
CYC2022004,2022,2023-10-17,17,11th,Black or African American,Male,Garinger High School,No,"$40,000-$59,999",4,No,Career Readiness,No,No,25,28,21,29,22,1120,540,580,1.86,4,11,7,Limited,Good access,4-year college,28,26,30,26,30,1170,630,540,2.154801555456298,7,13.310826335413436,9,Other,No,NA,5,Definitely,3,50,0.2948015554562977,3,2
CYC2022005,2022,2023-10-22,18,12th,Hispanic/Latino,Female,Garinger High School,Yes,"$60,000-$79,999",4,Yes,College Prep,Yes,No,18,16,18,19,19,1240,620,620,2.82,7,1,6,Limited,Limited access,4-year college,21,21,21,23,21,1270,590,680,3.4762782067894937,8,3.8804451712371866,7,Enrolled 2-year,No,NA,5,Definitely,3,30,0.6562782067894939,1,1
CYC2022006,2022,2023-08-15,17,12th,Native American,Female,Harding University High School,Yes,"$25,000-$39,999",2,Yes,College Prep,No,No,17,17,14,16,19,930,440,490,2.14,9,11,9,Strong,Good access,Trade school,22,21,20,21,24,1050,570,480,2.414478140643925,10,16.42977859076889,10,Enrolled 4-year,Yes,9100,5,Probably,5,120,0.27447814064392473,1,1
CYC2022007,2022,2023-08-26,16,10th,Black or African American,Male,Garinger High School,Yes,"Under $25,000",5,Yes,College Prep,Yes,No,12,12,14,16,14,1240,640,600,2.64,2,1,1,Moderate,No reliable access,Community college,16,18,18,15,17,1220,560,660,2.971315535138279,4,1.2322914606073128,3,Working,Yes,13200,5,Definitely,4,-20,0.33131553513827905,2,2
CYC2022008,2022,2023-09-17,18,12th,Black or African American,Female,Rocky River High School,No,"$60,000-$79,999",1,Yes,Career Readiness,No,No,28,28,24,27,28,710,360,350,2.01,8,11,7,Moderate,Good access,4-year college,31,32,32,31,31,780,400,380,2.584684440076527,9,12.574817093515028,8,Military,No,NA,5,Definitely,3,70,0.5746844400765272,1,1
CYC2022010,2022,2023-09-03,17,11th,Hispanic/Latino,Male,Butler High School,Yes,"$40,000-$59,999",3,Yes,College Prep,No,No,10,9,9,8,8,990,460,530,1,5,8,8,Strong,Limited access,Community college,12,11,11,12,12,1050,500,550,1.279412527626152,8,10.93697196912266,8,Enrolled 2-year,Yes,14300,5,Definitely,2,60,0.2794125276261521,3,0
CYC2022011,2022,2023-10-11,16,11th,White,Male,Garinger High School,No,"$80,000-$99,999",4,Yes,College Prep,No,N/A,17,15,15,19,15,1100,500,600,2.98,6,12,1,Strong,No reliable access,Trade school,20,19,19,22,20,1140,580,560,3.4855891284708718,10,13.803905075809315,4,Enrolled 4-year,No,NA,5,Definitely,3,40,0.5055891284708718,4,3
CYC2022012,2022,2023-08-11,17,12th,Asian,Female,Harding University High School,Yes,"Under $25,000",1,Yes,Intensive Support,Yes,No,17,16,14,21,18,900,440,460,4,10,9,9,Limited,Limited access,4-year college,18,18,18,19,20,930,490,440,4,10,12.959214184539736,10,Enrolled 2-year,No,NA,4,Definitely,1,30,0,0,1
CYC2022013,2022,2023-08-22,14,9th,Black or African American,Male,Garinger High School,No,"Under $25,000",4,No,Dual Track,No,No,21,18,21,21,24,770,410,360,1.87,2,11,6,None,Good access,Community college,23,25,25,21,21,890,400,490,2.1379041671255625,6,11.832175258875797,7,Enrolled 4-year,No,NA,5,Definitely,2,120,0.2679041671255624,4,1
CYC2022014,2022,2023-09-19,16,11th,Hispanic/Latino,Female,Charlotte Catholic High School,No,"$25,000-$39,999",5,Unknown,College Prep,Yes,N/A,16,15,12,14,18,1060,530,530,3.43,2,6,2,Strong,Good access,4-year college,17,16,15,15,18,1120,570,550,4,1,9.62266346000276,4,Enrolled 4-year,No,NA,4,Probably,1,60,0.5699999999999998,-1,2
CYC2022015,2022,2023-07-18,18,12th,Hispanic/Latino,Female,Hopewell High School,Yes,"Under $25,000",3,Yes,Dual Track,Yes,N/A,24,23,22,26,27,1100,570,530,2.11,5,9,4,Limited,No reliable access,Trade school,27,26,26,27,25,1140,590,550,2.363383555278546,9,7.528498406698496,4,Gap year,No,NA,3,Definitely,3,40,0.25338355527854617,4,0
CYC2022018,2022,2023-07-20,18,12th,Hispanic/Latino,Male,Mallard Creek High School,No,"$40,000-$59,999",6,No,College Prep,No,No,17,15,15,18,19,1050,560,490,3.53,10,17,7,Strong,No reliable access,4-year college,18,16,19,18,16,1110,580,530,3.486561271860205,10,18.093133293159685,8,Working,Yes,4700,4,Definitely,1,60,-0.04343872813979477,0,1
CYC2022020,2022,2023-07-24,18,12th,White,Male,Mallard Creek High School,Yes,"$40,000-$59,999",3,Yes,Career Readiness,No,No,17,17,17,20,15,920,490,430,3.75,6,13,5,None,Limited access,4-year college,21,19,21,24,19,1010,550,460,4,9,14.922983432499668,8,Enrolled 2-year,Yes,4000,5,Probably,4,90,0.25,3,3
CYC2022021,2022,2023-10-14,15,10th,Black or African American,Female,Rocky River High School,Yes,"$25,000-$39,999",5,No,Intensive Support,No,No,25,22,26,27,22,900,470,430,2.92,4,6,4,Limited,Limited access,Trade school,26,25,28,27,25,980,490,490,3.6266532168142924,6,7.728447326965121,4,Enrolled 2-year,Yes,4700,5,Probably,1,80,0.7066532168142925,2,0
CYC2022022,2022,2023-10-06,16,10th,White,Male,Butler High School,Yes,"$25,000-$39,999",3,Yes,Career Readiness,No,No,18,19,17,21,18,890,460,430,3.34,9,10,2,None,No reliable access,4-year college,21,20,18,20,21,930,420,510,3.551830111034775,10,10.189035068041475,5,Enrolled 2-year,Yes,6600,5,Definitely,3,40,0.21183011103477511,1,3
CYC2022023,2022,2023-08-15,16,11th,White,Female,Charlotte Catholic High School,No,"$25,000-$39,999",3,Yes,Dual Track,No,No,17,19,19,16,19,750,380,370,1.26,5,1,5,None,Limited access,4-year college,21,21,21,21,22,780,370,410,1.769475473552,5,2.634370397344016,8,Enrolled 4-year,No,NA,5,Definitely,4,30,0.509475473552,0,3
CYC2022024,2022,2023-10-25,16,11th,Multiracial,Male,Julius Chambers High School,Yes,"Under $25,000",2,Yes,Dual Track,Yes,Yes,13,11,12,17,16,980,460,520,2.17,1,2,6,Strong,Good access,4-year college,14,14,15,16,12,1080,520,560,2.8180195993542814,2,3.162236987762287,9,Enrolled 2-year,Yes,4900,5,Probably,1,100,0.6480195993542814,1,3
CYC2022025,2022,2023-09-24,17,12th,White,Male,Harding University High School,Yes,"$40,000-$59,999",2,No,College Prep,Yes,N/A,24,23,23,28,25,1030,530,500,1.86,8,4,6,Strong,Limited access,4-year college,27,25,25,28,25,1190,540,650,2.032313360389398,9,4.762048046233441,6,Gap year,No,NA,5,Definitely,3,160,0.17231336038939804,1,0
CYC2022026,2022,2023-08-01,17,12th,Native American,Female,Julius Chambers High School,No,"$60,000-$79,999",6,Yes,Dual Track,Yes,No,24,21,26,27,23,770,370,400,2.25,3,13,2,Strong,No reliable access,Military,28,26,28,26,29,820,420,400,2.64243200068357,6,12.737094681549928,3,Working,No,NA,5,Definitely,4,50,0.39243200068357,3,1
CYC2022027,2022,2023-09-11,16,11th,Hispanic/Latino,Male,Garinger High School,Yes,"Under $25,000",5,No,Career Readiness,Yes,No,14,12,10,17,15,670,310,360,3,5,4,2,None,Limited access,Military,18,19,16,16,16,690,380,310,3.096775301518809,4,4.576126984541397,5,Enrolled 2-year,Yes,10200,4,Maybe,4,20,0.09677530151880909,-1,3
CYC2022028,2022,2023-08-30,16,11th,Hispanic/Latino,Male,Mallard Creek High School,Yes,"$40,000-$59,999",4,No,Dual Track,No,No,20,23,20,23,18,890,470,420,1.21,7,4,6,Limited,No reliable access,4-year college,24,24,21,26,24,1010,540,470,1.5194337027358726,9,10.205961374206373,7,Enrolled 2-year,No,NA,4,Definitely,4,120,0.3094337027358727,2,1
CYC2022029,2022,2023-10-20,15,9th,Asian,Female,Olympic High School,Yes,"$60,000-$79,999",3,No,Dual Track,No,No,20,20,20,19,17,1350,620,730,1.34,6,8,4,Limited,Limited access,Community college,22,24,24,20,20,1460,720,740,1.8224184357959916,9,9.22197069720411,5,Enrolled 4-year,Yes,9600,1,Definitely,2,110,0.48241843579599153,3,1
CYC2022031,2022,2023-07-11,17,12th,Black or African American,Male,Hopewell High School,Yes,"Under $25,000",3,Yes,Intensive Support,No,No,22,25,19,23,24,840,410,430,3.27,4,10,4,None,Limited access,Community college,26,28,28,26,26,850,420,430,3.1902969534615697,8,10.755136780365543,4,Enrolled 2-year,No,NA,5,Probably,4,10,-0.0797030465384303,4,0
CYC2022033,2022,2023-09-09,18,12th,Black or African American,Female,Charlotte Catholic High School,No,"Under $25,000",2,No,College Prep,No,No,24,23,20,24,23,850,400,450,2,1,5,4,None,Limited access,Work,26,27,28,28,27,890,400,490,2.181766794098028,1,7.073105508996279,4,Enrolled 4-year,No,NA,4,Maybe,2,40,0.18176679409802787,0,0
CYC2022035,2022,2023-09-26,16,11th,Asian,Male,North Mecklenburg High School,Yes,"Under $25,000",6,No,College Prep,No,Yes,19,20,20,20,22,1070,520,550,2.1,3,0,5,None,Limited access,Community college,22,21,21,20,22,1160,550,610,2.4371058277714495,6,0.7748361229595755,6,Other,No,NA,3,Definitely,3,90,0.3371058277714494,3,1
CYC2022036,2022,2023-10-14,17,12th,White,Female,East Mecklenburg High School,Yes,"$40,000-$59,999",4,Yes,Intensive Support,No,N/A,17,20,15,18,14,1050,520,530,2.37,2,10,1,Moderate,Limited access,Community college,20,22,17,20,20,1110,520,590,2.9300934123772358,6,8.560811769545452,4,Working,Yes,8200,4,Probably,3,60,0.5600934123772356,4,3
CYC2022037,2022,2023-10-18,17,11th,Black or African American,Male,South Mecklenburg High School,Yes,"$25,000-$39,999",4,Yes,Career Readiness,No,N/A,20,18,21,18,21,1200,640,560,2.29,7,9,6,Limited,Good access,4-year college,23,25,24,22,23,1280,690,590,2.8936722499384704,10,14.467689326217794,9,Trade program,No,NA,4,Definitely,3,80,0.6036722499384704,3,3
CYC2022039,2022,2023-10-04,17,11th,Multiracial,Female,Providence High School,Yes,"$40,000-$59,999",3,Yes,Intensive Support,No,No,21,21,20,19,19,700,370,330,1.93,2,9,1,None,No reliable access,Work,26,27,25,27,28,730,330,400,2.5218365897600608,4,12.249689268676056,4,Enrolled 4-year,Yes,14300,5,Definitely,5,30,0.5918365897600608,2,3
CYC2022040,2022,2023-10-03,17,11th,Black or African American,Male,South Mecklenburg High School,Yes,"$25,000-$39,999",7,Yes,Dual Track,No,No,19,21,17,21,16,850,440,410,3.73,5,5,2,Moderate,No reliable access,Community college,21,23,23,19,23,920,450,470,4,7,11.387444051868254,3,Trade program,No,NA,5,Definitely,2,70,0.27,2,1
CYC2022043,2022,2023-08-19,16,10th,Black or African American,Female,Rocky River High School,Yes,"$25,000-$39,999",3,Yes,Career Readiness,No,Yes,26,26,22,30,28,1230,590,640,2.21,9,14,5,Moderate,Limited access,4-year college,32,34,29,33,32,1330,670,660,2.6916536967524403,10,18.176861721300142,8,Working,No,NA,5,Definitely,6,100,0.4816536967524403,1,3
CYC2022045,2022,2023-07-28,15,10th,Black or African American,Female,Garinger High School,No,"$25,000-$39,999",4,Yes,Intensive Support,Yes,No,18,21,15,16,18,990,480,510,3.22,9,5,6,Strong,No reliable access,Community college,26,28,28,26,24,1040,570,470,3.1008611594735576,10,8.68180806141499,9,Working,Yes,3000,5,Maybe,8,50,-0.11913884052644264,1,3
CYC2022046,2022,2023-09-12,18,12th,Black or African American,Female,Providence High School,Yes,"$60,000-$79,999",4,Yes,Dual Track,Yes,N/A,17,14,19,21,15,1030,560,470,1.89,2,1,7,Moderate,Good access,4-year college,21,22,19,20,22,1050,480,570,2.4963489888925325,4,3.398602778845185,9,Enrolled 4-year,No,NA,4,Definitely,4,20,0.6063489888925326,2,2
CYC2022047,2022,2023-09-06,17,11th,Black or African American,Female,Olympic High School,Yes,"$25,000-$39,999",3,Yes,College Prep,Yes,No,19,20,19,21,21,1230,580,650,1.87,1,8,5,None,No reliable access,Work,21,19,20,19,19,1370,640,730,1.954572938805341,3,8.92033314827319,8,Enrolled 4-year,Yes,3800,3,Probably,2,140,0.08457293880534089,2,3
CYC2022048,2022,2023-06-22,18,12th,White,Male,Julius Chambers High School,Yes,"$25,000-$39,999",3,Yes,Dual Track,No,No,16,19,15,19,17,850,440,410,2.15,1,7,4,Moderate,Limited access,Community college,18,16,20,20,18,890,410,480,2.4002529210056673,4,8.367862160287048,6,Military,No,NA,4,Maybe,2,40,0.25025292100566743,3,2
CYC2022049,2022,2023-07-05,16,11th,Black or African American,Female,North Mecklenburg High School,No,"$40,000-$59,999",6,Yes,Dual Track,No,N/A,18,15,17,22,15,680,330,350,2.35,7,5,5,Limited,No reliable access,Military,22,24,21,25,20,810,420,390,2.684537594881534,9,8.05497438518183,7,Enrolled 4-year,Yes,2800,4,Definitely,4,130,0.3345375948815339,2,2
CYC2022050,2022,2023-08-12,18,12th,Black or African American,Female,South Mecklenburg High School,Yes,"$25,000-$39,999",5,Yes,Career Readiness,No,Yes,18,16,14,16,17,900,450,450,3.15,8,7,5,Limited,Good access,Undecided,23,24,22,22,24,1060,570,490,3.8411520043483813,10,12.236238031272862,7,Enrolled 4-year,No,NA,4,Definitely,5,160,0.6911520043483814,2,2
CYC2022051,2022,2023-08-08,16,11th,Asian,Male,North Mecklenburg High School,Yes,"$60,000-$79,999",5,Yes,College Prep,No,No,19,22,17,19,22,1120,510,610,2.9,3,6,5,Limited,Good access,Trade school,21,19,20,21,20,1240,570,670,3.099273953961112,5,11.570513480007968,8,Enrolled 2-year,No,NA,2,Probably,2,120,0.19927395396111214,2,3
CYC2022052,2022,2023-08-06,17,12th,White,Female,Charlotte Catholic High School,Yes,"$25,000-$39,999",7,Yes,College Prep,Yes,No,16,15,18,17,14,1240,640,600,2.76,2,7,4,Moderate,Good access,4-year college,18,16,18,18,20,1340,690,650,2.9943955186024387,5,7.597659036060392,5,Working,No,NA,4,Maybe,2,100,0.2343955186024389,3,1
CYC2022054,2022,2023-08-27,17,11th,Black or African American,Male,Mallard Creek High School,Yes,"Under $25,000",3,Yes,Intensive Support,No,No,18,19,14,16,15,1270,580,690,2.75,9,5,2,None,No reliable access,Undecided,22,23,22,22,23,1340,730,610,3.0274376286433777,8,8.422468742822359,3,Enrolled 4-year,No,NA,4,Probably,4,70,0.27743762864337773,-1,1
CYC2022056,2022,2023-09-21,15,10th,Asian,Female,West Charlotte High School,No,"$40,000-$59,999",3,No,College Prep,No,No,13,10,13,12,16,1310,660,650,1.71,2,15,6,Moderate,Limited access,Community college,16,15,13,19,16,1350,690,660,2.1003537088246746,5,19.193987485611686,7,Enrolled 4-year,Yes,13200,4,Definitely,3,40,0.3903537088246747,3,1
CYC2022057,2022,2023-09-01,17,12th,White,Female,West Charlotte High School,Yes,"$100,000+",3,Yes,College Prep,No,N/A,16,16,18,16,13,1110,590,520,2.93,4,14,1,Moderate,Limited access,Work,18,16,17,21,16,1170,530,640,3.080088565867322,7,17.38140070255173,4,Enrolled 2-year,Yes,8400,4,Definitely,2,60,0.15008856586732167,3,3
CYC2022058,2022,2023-10-07,17,12th,Hispanic/Latino,Female,North Mecklenburg High School,Yes,"$80,000-$99,999",5,Yes,Dual Track,No,No,15,14,16,14,14,920,450,470,3.08,4,8,1,None,Good access,Community college,17,16,18,19,18,1000,490,510,3.410893680303315,6,10.549929563859374,4,Enrolled 4-year,No,NA,4,Definitely,2,80,0.3308936803033151,2,3
CYC2022059,2022,2023-09-27,16,11th,Black or African American,Male,Olympic High School,Yes,"Under $25,000",1,Yes,College Prep,No,No,20,20,17,22,21,1340,690,650,2.27,2,10,4,Limited,Limited access,4-year college,23,21,24,21,22,1440,690,750,2.8069842276714114,2,13.20002191079865,5,Enrolled 4-year,Yes,12500,5,Definitely,3,100,0.5369842276714114,0,1
CYC2022060,2022,2023-07-04,18,12th,Black or African American,Male,Hopewell High School,No,"$40,000-$59,999",5,Yes,College Prep,No,N/A,18,19,16,19,21,1310,660,650,2.92,6,7,2,Strong,Limited access,4-year college,23,23,20,23,22,1440,690,750,3.446444319421744,7,8.616398160430645,6,Gap year,Yes,10400,4,Definitely,5,130,0.5264443194217439,1,4
CYC2022061,2022,2023-10-11,18,12th,White,Male,Rocky River High School,No,"$60,000-$79,999",7,Yes,Career Readiness,No,N/A,18,17,14,22,18,1160,620,540,2.5,7,15,6,None,Limited access,4-year college,21,21,21,21,22,1200,620,580,2.6434130356706853,10,16.822681056275748,7,Enrolled 4-year,No,NA,5,Definitely,3,40,0.1434130356706853,3,1
CYC2022062,2022,2023-10-29,17,12th,Black or African American,Female,West Charlotte High School,Yes,"Under $25,000",5,Yes,Career Readiness,No,N/A,23,25,24,24,26,1090,580,510,3.44,5,10,6,None,Limited access,Work,25,24,22,28,23,1120,590,530,3.478419716528427,9,14.468010062270485,7,Enrolled 4-year,Yes,2400,4,Definitely,2,30,0.03841971652842702,4,1
CYC2022063,2022,2023-11-08,15,10th,Asian,Male,Rocky River High School,No,"$80,000-$99,999",4,Yes,Intensive Support,No,No,23,23,19,24,26,800,390,410,1.25,10,16,7,Limited,Good access,Community college,24,25,21,27,23,910,420,490,1.5304947769814636,10,21.54063861044856,9,Enrolled 4-year,No,NA,4,Probably,1,110,0.28049477698146363,0,2
CYC2022065,2022,2023-07-29,18,12th,Black or African American,Female,North Mecklenburg High School,No,"Under $25,000",4,Yes,Career Readiness,No,No,16,14,13,20,14,790,400,390,2.64,2,0,9,Moderate,Good access,Trade school,19,18,19,17,18,920,470,450,3.0012906355630617,4,9.71437705129681,9,Gap year,No,NA,4,Definitely,3,130,0.3612906355630616,2,0
CYC2022067,2022,2023-08-05,16,11th,Hispanic/Latino,Male,Hopewell High School,Yes,"Under $25,000",3,Yes,Career Readiness,Yes,No,13,11,14,12,14,1020,460,560,1.03,10,1,6,None,Good access,Community college,15,15,17,18,13,1060,540,520,2.0045797074964877,10,0.8671346632985442,6,Gap year,Yes,2800,5,Definitely,2,40,0.9745797074964877,0,0
CYC2022068,2022,2023-10-15,16,10th,White,Male,Harding University High School,No,"$80,000-$99,999",6,Yes,College Prep,Yes,No,23,22,19,21,25,740,360,380,1.82,6,8,2,None,No reliable access,Trade school,25,23,23,27,23,880,450,430,2.1369161880403453,8,7.371849545135049,4,Trade program,No,NA,4,Probably,2,140,0.31691618804034527,2,2
CYC2022069,2022,2023-10-31,17,11th,White,Female,Harding University High School,Yes,"$80,000-$99,999",3,Yes,College Prep,No,No,12,9,10,14,12,760,400,360,2.85,4,1,5,Moderate,Limited access,Trade school,16,15,13,18,14,790,370,420,2.7721226050257917,6,0.07779247408529555,7,Trade program,No,NA,5,Definitely,4,30,-0.07787739497420842,2,2
CYC2022070,2022,2023-10-28,16,11th,Black or African American,Male,Butler High School,No,"Under $25,000",3,Yes,Dual Track,No,Yes,21,24,17,22,19,920,480,440,3.32,5,12,8,Limited,Limited access,Military,22,24,22,23,21,1030,510,520,3.5759738723504566,7,15.517460433875405,10,Enrolled 2-year,No,NA,5,Probably,1,110,0.25597387235045677,2,2
CYC2022071,2022,2023-08-03,15,9th,Hispanic/Latino,Male,Garinger High School,No,"Under $25,000",8,No,Career Readiness,Yes,No,16,14,13,19,16,1190,650,540,3.21,4,13,1,Strong,Limited access,Trade school,19,17,21,21,21,1340,680,660,3.881934335563452,5,11.861658880334746,5,Trade program,Yes,3100,5,Probably,3,150,0.671934335563452,1,4
CYC2022072,2022,2023-08-09,15,9th,White,Female,Julius Chambers High School,No,"$40,000-$59,999",2,Yes,College Prep,No,No,25,22,22,23,22,1130,590,540,1.95,7,6,2,Moderate,Good access,4-year college,28,29,25,27,30,1240,580,660,2.148683252659487,6,10.820749841752615,4,Enrolled 2-year,No,NA,4,Definitely,3,110,0.19868325265948683,-1,2
CYC2022073,2022,2023-09-19,17,12th,White,Male,Butler High School,Yes,"$40,000-$59,999",2,Yes,Dual Track,No,No,26,23,22,28,28,910,470,440,2.2,7,7,1,None,No reliable access,4-year college,28,30,25,29,28,920,420,500,2.9512421873067223,10,11.422216598745285,3,Working,No,NA,4,Probably Not,2,10,0.7512421873067221,3,2
CYC2022075,2022,2023-10-07,16,11th,Multiracial,Male,Julius Chambers High School,No,"Under $25,000",4,Yes,Career Readiness,No,No,18,20,15,17,17,940,440,500,2.46,8,3,2,Limited,Limited access,Community college,20,22,17,18,21,1100,540,560,2.5757712229306406,10,10.500392729289864,5,Gap year,Yes,5100,5,Probably,2,160,0.11577122293064068,2,3
CYC2022076,2022,2023-10-13,16,11th,Hispanic/Latino,Male,Mallard Creek High School,Yes,"Under $25,000",3,No,Career Readiness,Yes,No,17,14,19,18,17,770,370,400,1.43,9,11,3,None,Good access,Community college,20,18,18,22,22,960,500,460,1.5964070052970576,10,13.9466983260241,5,Enrolled 2-year,Yes,13900,3,Probably,3,190,0.16640700529705765,1,2
CYC2022077,2022,2023-09-13,18,12th,White,Female,Myers Park High School,Yes,"$40,000-$59,999",5,Yes,College Prep,No,N/A,19,20,18,21,17,1180,580,600,1.9,4,10,3,Moderate,Good access,4-year college,21,23,21,23,21,1340,690,650,2.0391126269247697,5,13.213673985183172,4,Enrolled 2-year,No,NA,3,Definitely,2,160,0.13911262692476978,1,1
CYC2022078,2022,2023-09-25,14,9th,Hispanic/Latino,Female,North Mecklenburg High School,No,"Under $25,000",4,Yes,Dual Track,No,No,17,14,19,17,14,930,480,450,2.89,5,0,3,Limited,No reliable access,Military,17,15,18,20,18,1070,540,530,3.0583836388304873,6,5.572187645149451,4,Enrolled 2-year,No,NA,3,Definitely Not,0,140,0.16838363883048713,1,1
CYC2022080,2022,2023-08-07,16,11th,Hispanic/Latino,Female,Mallard Creek High School,No,"Under $25,000",2,Yes,College Prep,Yes,No,10,12,8,11,8,610,290,320,2.21,3,1,1,None,Limited access,4-year college,13,12,13,12,14,770,400,370,2.5958004689914724,5,2.9670795704891715,3,Enrolled 2-year,Yes,7600,3,Probably,3,160,0.38580046899147247,2,2
CYC2022081,2022,2023-08-12,18,12th,Hispanic/Latino,Female,South Mecklenburg High School,No,"$60,000-$79,999",3,Yes,Intensive Support,No,Yes,22,24,24,23,24,860,450,410,1.8,7,5,4,Limited,Limited access,4-year college,25,23,27,25,24,930,510,420,2.0235952608860517,10,5.653482630816816,5,Enrolled 4-year,No,NA,5,Probably,3,70,0.22359526088605164,3,1
CYC2022082,2022,2023-09-08,18,12th,Asian,Male,West Charlotte High School,No,"$40,000-$59,999",2,Yes,Career Readiness,Yes,No,25,27,25,26,25,750,370,380,2.34,8,8,3,Moderate,Good access,4-year college,31,30,28,29,29,850,380,470,2.809942875241388,7,10.303676340344104,6,Enrolled 4-year,No,NA,5,Probably,6,100,0.46994287524138834,-1,3
CYC2022083,2022,2023-09-07,16,11th,Black or African American,Female,Harding University High School,Yes,"$25,000-$39,999",2,No,Career Readiness,Yes,No,19,20,15,21,19,1090,500,590,2.57,3,1,1,None,No reliable access,Military,22,22,23,23,20,1180,640,540,3.170323540918821,6,2.910724165623371,5,Enrolled 4-year,No,NA,4,Definitely,3,90,0.6003235409188212,3,4
CYC2022085,2022,2023-09-09,18,12th,Black or African American,Female,Harding University High School,Yes,"Under $25,000",3,No,Dual Track,No,No,20,18,21,23,18,590,270,320,2.89,10,4,2,Limited,Good access,Trade school,25,23,25,23,25,720,350,370,3.3929712136293744,10,3.0237397696749566,5,Enrolled 2-year,No,NA,4,Definitely,5,130,0.5029712136293742,0,3
CYC2022086,2022,2023-08-15,15,9th,Native American,Female,Harding University High School,Yes,"$60,000-$79,999",5,Yes,College Prep,Yes,Yes,17,20,13,16,15,1030,480,550,3.85,4,5,7,Moderate,Limited access,Community college,19,19,17,20,20,1100,510,590,3.7486625477986513,5,5.803691602535322,10,Enrolled 2-year,No,NA,4,Definitely,2,70,-0.10133745220134882,1,3
CYC2022088,2022,2023-09-07,15,9th,White,Female,Mallard Creek High School,Yes,"$40,000-$59,999",1,Yes,College Prep,No,No,17,15,16,20,19,780,430,350,3.67,1,3,3,Limited,Limited access,4-year college,20,20,21,21,18,810,410,400,4,3,6.47237699476429,4,Enrolled 4-year,No,NA,3,Definitely,3,30,0.33000000000000007,2,1
CYC2022090,2022,2023-09-26,16,11th,Black or African American,Male,Vance High School,Yes,"Under $25,000",5,Yes,College Prep,Yes,No,21,18,17,25,22,750,400,350,2.6,9,6,3,Limited,Good access,4-year college,28,30,27,31,27,790,390,400,2.798944611317031,10,9.195405530020544,5,Trade program,No,NA,4,Probably,7,40,0.19894461131703078,1,2
CYC2022091,2022,2023-10-31,17,12th,Black or African American,Male,West Charlotte High School,No,"$40,000-$59,999",3,Yes,College Prep,No,No,21,24,23,21,18,1060,500,560,2.89,10,7,7,Limited,Limited access,4-year college,25,27,24,24,24,1150,620,530,2.8276975263758453,10,10.313224252290912,8,Enrolled 4-year,No,NA,4,Definitely,4,90,-0.062302473624154864,0,1
CYC2022092,2022,2023-08-29,16,11th,Black or African American,Female,West Charlotte High School,Yes,"Under $25,000",1,No,Career Readiness,No,No,22,20,24,25,19,1070,580,490,2.56,3,5,4,Limited,Limited access,4-year college,26,24,24,27,27,1140,550,590,2.7267381850219334,3,6.999053903284329,7,Working,Yes,11800,3,Probably Not,4,70,0.16673818502193338,0,3
CYC2022093,2022,2023-07-23,16,11th,White,Female,Ardrey Kell High School,No,"$25,000-$39,999",3,Yes,Career Readiness,Yes,N/A,20,18,22,19,22,840,440,400,1.24,6,0,5,Limited,Limited access,Community college,27,26,26,25,27,940,460,480,1.921943460173893,5,0,7,Trade program,No,NA,5,Definitely,7,100,0.681943460173893,-1,2
CYC2022095,2022,2023-06-23,18,12th,White,Female,Garinger High School,Yes,"$25,000-$39,999",2,No,College Prep,Yes,No,21,20,18,22,20,950,500,450,2.55,6,2,1,Strong,Good access,Community college,23,21,24,25,25,1010,510,500,2.974807533598353,7,6.226709019760972,3,Enrolled 4-year,Yes,9300,5,Definitely,2,60,0.424807533598353,1,2
CYC2022096,2022,2023-08-31,16,11th,White,Female,Harding University High School,Yes,"$25,000-$39,999",2,No,College Prep,No,No,22,19,22,26,20,1130,600,530,2.3,1,4,2,Moderate,Good access,Military,23,25,22,21,23,1290,660,630,3.0444844539511204,3,6.199607268817657,4,Enrolled 4-year,Yes,14700,4,Probably,1,160,0.7444844539511206,2,2
CYC2022097,2022,2023-10-16,17,12th,Black or African American,Male,Rocky River High School,No,"$40,000-$59,999",3,No,Dual Track,No,Yes,16,18,13,16,13,970,500,470,2.65,10,0,3,Limited,Limited access,Work,17,18,17,20,17,1060,490,570,2.523380132347857,10,3.1634727888570096,4,Military,No,NA,5,Maybe,1,90,-0.12661986765214284,0,1
CYC2022098,2022,2023-07-23,15,10th,Black or African American,Male,Butler High School,No,"$60,000-$79,999",4,Yes,College Prep,No,No,23,20,25,22,25,1030,510,520,2.72,5,14,1,Limited,Limited access,Community college,23,25,23,22,21,1110,600,510,3.646457253715459,8,17.81313820715814,4,Enrolled 4-year,Yes,13000,4,Maybe,0,80,0.926457253715459,3,3
CYC2022099,2022,2023-10-30,15,9th,Black or African American,Male,Charlotte Catholic High School,Yes,"$40,000-$59,999",2,Yes,Intensive Support,No,No,23,23,24,27,24,850,460,390,2.06,9,10,3,Limited,Good access,Work,30,29,32,32,32,940,470,470,2.3321256626311735,10,13.158709735169353,6,Enrolled 4-year,Yes,10400,3,Probably,7,90,0.27212566263117344,1,3
CYC2022101,2022,2023-07-25,16,11th,Hispanic/Latino,Female,North Mecklenburg High School,Yes,"$25,000-$39,999",3,Yes,Career Readiness,No,N/A,15,18,15,15,16,1140,610,530,2.43,10,12,3,None,Limited access,Military,19,18,16,20,17,1290,660,630,2.5451589656838913,10,16.628847025966532,7,Enrolled 4-year,Yes,5200,3,Maybe,4,150,0.11515896568389117,0,4
CYC2022102,2022,2023-07-21,18,12th,Hispanic/Latino,Male,North Mecklenburg High School,No,"$100,000+",6,Yes,Career Readiness,No,No,18,20,18,17,21,990,530,460,2.12,10,13,1,Limited,Good access,4-year college,23,23,22,22,21,970,480,490,2.163152138500443,10,15.4188984441714,3,Enrolled 4-year,No,NA,4,Definitely,5,-20,0.04315213850044275,0,2
CYC2022104,2022,2023-09-21,15,10th,Hispanic/Latino,Male,Harding University High School,Yes,"$60,000-$79,999",2,Yes,College Prep,No,N/A,16,19,13,15,15,780,370,410,1.36,4,7,1,Limited,Limited access,4-year college,17,18,18,15,17,880,480,400,1.4464318041919928,3,9.884316812936268,3,Gap year,No,NA,3,Probably,1,100,0.0864318041919927,-1,2
CYC2022106,2022,2023-10-11,16,11th,Hispanic/Latino,Male,Rocky River High School,Yes,"$60,000-$79,999",5,Yes,College Prep,No,Yes,11,12,10,13,14,1090,520,570,1.48,10,4,4,Limited,Limited access,4-year college,10,8,11,13,10,1250,590,660,2.342694377672561,10,8.937747742270732,7,Working,No,NA,5,Definitely,-1,160,0.8626943776725611,0,3
CYC2022108,2022,2023-10-02,14,9th,White,Male,Rocky River High School,No,"$25,000-$39,999",2,Yes,College Prep,No,N/A,26,23,23,24,28,1040,500,540,2.92,3,12,2,Limited,No reliable access,4-year college,27,27,25,28,28,1170,560,610,3.1335628724061597,5,11.643766621838362,5,Working,No,NA,4,Definitely,1,130,0.2135628724061598,2,3
CYC2022109,2022,2023-08-23,15,10th,Black or African American,Male,Mallard Creek High School,Yes,"Under $25,000",5,Yes,College Prep,No,N/A,16,16,16,18,14,950,510,440,1.04,5,11,6,Limited,Good access,4-year college,17,16,19,15,17,980,520,460,1.1844843779338492,4,16.029279153583396,8,Enrolled 2-year,No,NA,1,Definitely,1,30,0.14448437793384916,-1,2
CYC2022110,2022,2023-09-09,18,12th,Black or African American,Female,Rocky River High School,Yes,"$25,000-$39,999",5,Yes,Career Readiness,Yes,Yes,12,9,8,13,13,730,390,340,2.64,7,4,3,Limited,No reliable access,4-year college,14,13,11,13,15,750,370,380,2.8051259918065186,10,3.3766613054480925,4,Enrolled 4-year,No,NA,3,Definitely,2,20,0.16512599180651844,3,1
CYC2022111,2022,2023-10-23,17,11th,Black or African American,Female,Harding University High School,Yes,"$40,000-$59,999",3,Yes,College Prep,No,Yes,22,25,18,25,22,970,480,490,2.72,7,14,4,Limited,Good access,4-year college,23,23,22,23,21,1080,530,550,2.9063827636890025,8,18.237862410885185,4,Working,Yes,4000,5,Maybe,1,110,0.1863827636890023,1,0
CYC2022112,2022,2023-07-21,14,9th,Multiracial,Male,Mallard Creek High School,Yes,"$60,000-$79,999",2,Yes,Career Readiness,No,No,18,21,19,18,18,830,430,400,1.79,5,8,8,Strong,Good access,Trade school,21,23,19,19,23,900,430,470,2.0247120730840407,8,11.723327771723547,10,Enrolled 4-year,No,NA,4,Definitely,3,70,0.23471207308404063,3,2
CYC2022115,2022,2023-10-19,15,9th,Black or African American,Male,Independence High School,Yes,"$40,000-$59,999",4,Yes,Dual Track,No,No,18,17,17,20,20,1160,550,610,1,6,6,5,Limited,No reliable access,Community college,21,23,18,20,20,1280,640,640,1.335816831059666,7,11.547701552050595,6,Enrolled 4-year,Yes,12900,4,Probably,3,120,0.3358168310596661,1,1
CYC2022116,2022,2023-07-02,18,12th,White,Female,East Mecklenburg High School,Yes,"$60,000-$79,999",5,Yes,College Prep,Yes,Yes,18,18,14,16,20,1180,640,540,4,8,3,7,Limited,Good access,Community college,22,22,22,22,24,1270,690,580,4,9,8.355327136664952,8,Trade program,No,NA,3,Definitely,4,90,0,1,1
CYC2022118,2022,2023-09-28,14,9th,Black or African American,Female,Independence High School,Yes,"$25,000-$39,999",7,No,Career Readiness,No,Yes,17,19,19,17,20,1320,620,700,1.12,8,13,4,None,Limited access,Undecided,22,21,23,22,24,1370,680,690,1.4809508459845133,8,16.383908827158855,6,Enrolled 4-year,Yes,8300,5,Maybe,5,50,0.3609508459845132,0,2
CYC2022119,2022,2023-07-20,16,11th,White,Male,Myers Park High School,Yes,"Under $25,000",4,No,College Prep,No,No,14,14,11,16,11,1060,490,570,1.62,2,9,6,Strong,No reliable access,Community college,16,17,18,15,16,1130,560,570,2.147977539167701,4,15.23332997015423,6,Enrolled 4-year,No,NA,5,Maybe,2,70,0.5279775391677011,2,0
CYC2022120,2022,2023-08-04,16,11th,White,Male,South Mecklenburg High School,Yes,"$60,000-$79,999",3,Yes,Career Readiness,Yes,Yes,20,23,21,23,23,1170,550,620,2.06,9,14,4,Moderate,Good access,Trade school,20,22,22,23,19,1220,610,610,1.786930594175907,10,18.4310194415211,5,Enrolled 2-year,Yes,5300,5,Definitely,0,50,-0.273069405824093,1,1
CYC2022121,2022,2023-09-04,17,12th,Hispanic/Latino,Female,South Mecklenburg High School,No,"$40,000-$59,999",4,Yes,Dual Track,Yes,No,15,18,15,15,12,1070,580,490,3.04,6,10,5,None,Limited access,Community college,18,17,17,19,17,1090,580,510,3.1206662154444293,10,9.602640216941934,6,Enrolled 4-year,No,NA,5,Definitely,3,20,0.08066621544442931,4,1
CYC2022123,2022,2023-09-03,16,10th,White,Male,Vance High School,Yes,"$40,000-$59,999",1,Yes,College Prep,No,No,19,22,19,20,17,1120,560,560,2.19,8,15,4,Moderate,Limited access,Community college,20,20,17,23,22,1190,570,620,2.506354994203012,10,17.572860220157928,7,Enrolled 4-year,No,NA,4,Definitely,1,70,0.31635499420301194,2,3
CYC2022125,2022,2023-08-22,16,11th,Multiracial,Male,Vance High School,Yes,"$60,000-$79,999",5,Yes,Dual Track,Yes,No,14,12,15,12,12,1050,510,540,3.31,4,9,6,Moderate,Good access,4-year college,16,14,15,16,18,1160,540,620,3.0418589902755366,5,12.049888950806894,8,Enrolled 2-year,No,NA,4,Maybe,2,110,-0.2681410097244634,1,2
CYC2022126,2022,2023-07-20,17,11th,Hispanic/Latino,Male,Olympic High School,Yes,"Under $25,000",2,Yes,Career Readiness,No,No,17,14,18,18,19,1100,520,580,2.45,5,11,9,None,Good access,Trade school,19,20,18,18,18,1250,680,570,3.242434215931499,7,18.550937905428302,10,Enrolled 2-year,Yes,2000,4,Probably Not,2,150,0.792434215931499,2,1
CYC2022128,2022,2023-09-08,16,10th,Asian,Female,West Charlotte High School,Yes,"$25,000-$39,999",2,Yes,College Prep,No,Yes,19,21,20,17,20,830,430,400,2.78,10,0,3,Moderate,Limited access,4-year college,22,20,20,25,20,950,500,450,3.0589545245396916,10,4.500021908264284,5,Enrolled 4-year,Yes,6800,5,Maybe,3,120,0.27895452453969183,0,2
CYC2022129,2022,2023-09-08,15,10th,Asian,Male,Harding University High School,Yes,"Under $25,000",3,Yes,Intensive Support,Yes,No,10,12,12,12,12,1270,580,690,3.19,6,13,2,None,Limited access,Community college,11,13,9,10,9,1460,680,780,3.6433188211963774,5,15.906880590368758,3,Enrolled 4-year,No,NA,4,Probably,1,190,0.45331882119637745,-1,1
CYC2022130,2022,2023-08-24,15,10th,Hispanic/Latino,Male,Charlotte Catholic High School,Yes,"Under $25,000",3,Yes,College Prep,No,No,17,15,14,20,20,1290,590,700,2.4,2,5,7,Limited,Limited access,Undecided,21,19,21,22,21,1380,730,650,2.715447294040842,3,11.282257360757091,8,Gap year,No,NA,4,Maybe,4,90,0.31544729404084215,1,1
CYC2022131,2022,2023-10-09,16,11th,Black or African American,Male,Harding University High School,No,"Under $25,000",2,No,College Prep,No,No,22,24,24,22,25,770,360,410,1.94,2,15,5,Limited,No reliable access,Military,24,23,22,22,26,830,410,420,2.19427703574237,3,17.678642098065236,8,Enrolled 2-year,Yes,10400,4,Probably,2,60,0.25427703574237004,1,3
CYC2022132,2022,2023-10-28,16,11th,Hispanic/Latino,Female,Garinger High School,No,"$40,000-$59,999",6,Yes,Intensive Support,Yes,No,20,19,21,20,17,770,380,390,1.58,4,5,1,Limited,No reliable access,Undecided,23,24,22,21,23,880,450,430,1.8558804739448975,8,12.362845580167349,1,Enrolled 4-year,No,NA,5,Definitely,3,110,0.27588047394489745,4,0
CYC2022133,2022,2023-09-20,15,10th,Black or African American,Female,Harding University High School,Yes,"$60,000-$79,999",5,Yes,Intensive Support,No,No,20,19,20,22,20,860,400,460,2.24,5,4,5,Moderate,Limited access,4-year college,22,24,19,21,24,990,530,460,2.68635150554473,7,2.439618104810733,5,Enrolled 2-year,Yes,7400,5,Probably,2,130,0.4463515055447296,2,0
CYC2022135,2022,2023-08-31,17,11th,Black or African American,Female,South Mecklenburg High School,No,"Under $25,000",2,No,Career Readiness,No,No,18,18,14,20,15,1050,490,560,2.02,1,5,7,None,Limited access,Military,22,22,24,22,21,1100,560,540,2.085484195049853,4,8.43796920775688,10,Enrolled 4-year,Yes,13600,4,Probably,4,50,0.06548419504985281,3,3
CYC2022136,2022,2023-07-08,18,12th,White,Female,East Mecklenburg High School,Yes,"$25,000-$39,999",8,Yes,College Prep,No,N/A,17,14,17,15,20,1010,480,530,3.87,6,8,6,Strong,Good access,Trade school,19,18,20,21,21,1070,550,520,4,8,15.66575955763086,8,Enrolled 4-year,Yes,8900,4,Definitely,2,60,0.1299999999999999,2,2
CYC2022138,2022,2023-07-27,17,12th,Black or African American,Female,Julius Chambers High School,Yes,"$100,000+",5,Yes,College Prep,No,No,20,20,19,24,18,840,380,460,1.82,4,5,2,Moderate,Limited access,4-year college,23,21,23,26,25,910,460,450,2.2937124837533993,3,6.1607314414872585,5,Enrolled 4-year,No,NA,4,Probably,3,70,0.47371248375339925,-1,3
CYC2022139,2022,2023-08-09,15,9th,Multiracial,Male,Myers Park High School,Yes,"Under $25,000",6,Yes,Dual Track,No,Yes,23,23,22,27,23,1000,470,530,3.76,9,4,4,Limited,Good access,Trade school,25,26,26,27,26,1090,520,570,3.881877231497456,10,3.813270903688381,7,Enrolled 4-year,No,NA,3,Definitely,2,90,0.12187723149745633,1,3
CYC2022140,2022,2023-09-18,18,12th,Asian,Male,Mallard Creek High School,No,"Under $25,000",3,Yes,Dual Track,No,No,20,21,16,20,21,1010,520,490,4,5,4,7,None,Good access,Trade school,20,22,19,23,18,1200,600,600,4,7,5.785653605108392,10,Enrolled 2-year,No,NA,5,Probably,0,190,0,2,3
CYC2022141,2022,2023-08-12,15,10th,Black or African American,Female,Charlotte Catholic High School,Yes,"$60,000-$79,999",3,Yes,Career Readiness,No,Yes,18,17,16,22,15,980,470,510,2.78,1,9,9,Limited,Limited access,Community college,19,20,17,22,18,1060,550,510,2.6961777501607216,3,9.755544504401527,10,Enrolled 4-year,No,NA,4,Maybe,1,80,-0.08382224983927822,2,1
CYC2022142,2022,2023-08-28,18,12th,Black or African American,Female,Olympic High School,Yes,"Under $25,000",4,No,College Prep,Yes,No,14,13,12,14,15,930,440,490,3.32,8,4,4,Strong,Good access,4-year college,16,14,18,17,15,1050,510,540,3.970613004845618,9,5.508003181876473,7,Trade program,Yes,14000,2,Definitely,2,120,0.650613004845618,1,3
CYC2022143,2022,2023-09-29,17,12th,Black or African American,Non-binary,Julius Chambers High School,Yes,"$25,000-$39,999",1,Yes,Career Readiness,No,No,16,18,12,19,15,1080,570,510,2.4,1,8,3,Limited,No reliable access,Trade school,21,22,23,24,19,1150,560,590,2.6606432807779608,3,12.830964449632756,6,Enrolled 4-year,No,NA,3,Definitely,5,70,0.26064328077796084,2,3
CYC2022144,2022,2023-09-23,15,9th,Black or African American,Male,Hopewell High School,No,"Under $25,000",1,Yes,Career Readiness,No,No,17,15,18,15,15,1080,530,550,2,4,0,6,Limited,Limited access,Community college,20,20,21,18,22,1140,520,620,2.124074583882046,6,3.676016820669117,8,Enrolled 4-year,No,NA,5,Maybe,3,60,0.12407458388204606,2,2
CYC2022148,2022,2023-08-15,18,12th,Black or African American,Female,Hopewell High School,No,"$25,000-$39,999",5,Yes,Career Readiness,No,No,19,20,20,19,21,950,490,460,3.65,7,5,7,Moderate,Good access,Undecided,24,22,21,22,23,1030,490,540,4,10,5.125835645267118,8,Military,No,NA,4,Maybe,5,80,0.3500000000000001,3,1
CYC2022150,2022,2023-11-06,17,11th,Black or African American,Male,South Mecklenburg High School,Yes,"$40,000-$59,999",3,Yes,Career Readiness,No,N/A,23,23,24,27,26,1190,630,560,3.23,3,10,7,Limited,Good access,Trade school,26,25,28,28,27,1230,680,550,3.5559307188753326,5,12.881820644632947,9,Enrolled 2-year,Yes,2100,5,Definitely,3,40,0.32593071887533265,2,2
CYC2022151,2022,2023-06-17,18,12th,Black or African American,Female,Garinger High School,Yes,"$80,000-$99,999",2,No,Career Readiness,Yes,No,20,22,17,22,23,790,430,360,2.67,8,9,5,Limited,Limited access,4-year college,25,27,26,28,27,860,390,470,3.477155631426821,7,11.292491240378205,6,Enrolled 4-year,No,NA,4,Probably Not,5,70,0.8071556314268209,-1,1
CYC2022152,2022,2023-07-30,15,10th,White,Female,Ardrey Kell High School,No,"$60,000-$79,999",5,No,College Prep,No,No,22,25,21,26,24,790,430,360,3.82,10,13,2,Limited,No reliable access,4-year college,23,22,20,24,25,950,520,430,3.869315952211939,10,12.776189134521024,2,Enrolled 4-year,Yes,8600,3,Probably,1,160,0.049315952211939074,0,0
CYC2022154,2022,2023-10-17,16,10th,Black or African American,Female,Mallard Creek High School,Yes,"Under $25,000",4,No,College Prep,No,No,16,17,17,14,19,1260,590,670,1.4,4,11,5,Moderate,No reliable access,4-year college,18,17,19,16,19,1330,680,650,1.8499101332926826,5,15.119641002143865,7,Enrolled 4-year,No,NA,4,Definitely,2,70,0.4499101332926827,1,2
CYC2022156,2022,2023-06-30,14,9th,Black or African American,Female,Charlotte Catholic High School,Yes,"Under $25,000",6,No,College Prep,No,No,18,16,16,21,21,1060,510,550,3.42,6,9,7,Strong,Limited access,4-year college,18,17,20,21,20,1150,540,610,3.826686587545395,9,12.382173481046271,8,Enrolled 4-year,No,NA,5,Definitely,0,90,0.4066865875453951,3,1
CYC2022157,2022,2023-07-27,17,12th,Black or African American,Female,South Mecklenburg High School,Yes,"Under $25,000",3,Yes,Dual Track,Yes,Yes,15,18,11,14,13,920,490,430,1.87,7,13,2,Limited,Good access,Trade school,16,18,17,17,16,1000,470,530,2.4245239925949527,6,16.63210321804341,2,Enrolled 2-year,No,NA,4,Probably,1,80,0.5545239925949526,-1,0
CYC2022159,2022,2023-07-26,18,12th,Black or African American,Male,Vance High School,No,"$25,000-$39,999",8,Yes,College Prep,No,No,18,16,18,22,20,1140,570,570,3.7,5,6,4,Strong,Good access,Community college,19,17,16,18,21,1240,630,610,4,7,7.172808341985108,6,Enrolled 4-year,No,NA,3,Maybe,1,100,0.2999999999999998,2,2
CYC2022160,2022,2023-07-27,16,11th,White,Female,Butler High School,No,"$40,000-$59,999",4,Yes,College Prep,No,No,18,19,16,20,18,1310,610,700,2.07,2,8,1,None,No reliable access,Community college,22,23,19,20,24,1360,740,620,1.827576401256072,6,7.622071418353963,3,Working,Yes,9000,5,Probably,4,50,-0.24242359874392783,4,2
CYC2022161,2022,2023-07-27,17,11th,Black or African American,Male,Hopewell High School,Yes,"$25,000-$39,999",1,No,Career Readiness,Yes,No,26,24,23,26,29,940,430,510,1.76,5,4,4,Moderate,Limited access,Trade school,31,31,29,34,30,930,450,480,2.0022124068041767,4,5.3603534204524745,5,Working,No,NA,5,Definitely,5,-10,0.24221240680417666,-1,1
CYC2022165,2022,2023-08-08,16,11th,Hispanic/Latino,Female,Providence High School,Yes,"$40,000-$59,999",3,No,Career Readiness,No,N/A,20,23,16,19,23,400,200,200,2.38,2,9,3,Moderate,Limited access,Work,21,20,19,23,21,540,260,280,2.6048086344262997,2,12.61399005757823,6,Working,No,NA,5,Definitely,1,140,0.22480863442629984,0,3
CYC2022166,2022,2023-07-30,16,10th,Hispanic/Latino,Female,Vance High School,Yes,"$60,000-$79,999",1,Yes,College Prep,No,No,19,21,19,19,20,1110,600,510,3.68,3,2,3,None,No reliable access,Trade school,22,24,19,23,22,1210,650,560,4,5,4.740929031401251,7,Trade program,No,NA,5,Probably,3,100,0.31999999999999984,2,4
CYC2022167,2022,2023-09-22,16,11th,Black or African American,Male,East Mecklenburg High School,Yes,"Under $25,000",5,No,College Prep,No,No,10,9,9,13,10,850,400,450,2.34,10,5,3,Moderate,Good access,4-year college,14,12,14,12,14,920,430,490,2.935806143136648,10,6.288337562591046,5,Enrolled 4-year,Yes,14600,4,Probably,4,70,0.5958061431366479,0,2
CYC2022169,2022,2023-08-12,17,12th,Hispanic/Latino,Female,Myers Park High School,No,"$60,000-$79,999",5,Yes,Dual Track,No,No,14,11,16,14,13,740,340,400,3.9,5,9,6,None,Good access,4-year college,16,16,17,19,18,820,390,430,4,4,10.775384366692533,7,Enrolled 2-year,No,NA,3,Definitely,2,80,0.10000000000000009,-1,1
CYC2022170,2022,2023-06-25,16,11th,Black or African American,Male,North Mecklenburg High School,No,"$60,000-$79,999",6,Yes,College Prep,No,N/A,20,17,22,19,23,1000,510,490,2.28,4,6,6,Limited,Good access,4-year college,21,23,19,22,21,1160,550,610,2.5555892286676554,6,10.228674554980152,6,Enrolled 2-year,No,NA,2,Maybe,1,160,0.27558922866765556,2,0
CYC2022171,2022,2023-08-20,18,12th,Hispanic/Latino,Female,Rocky River High School,Yes,"$60,000-$79,999",3,Yes,Dual Track,No,Yes,25,28,22,25,26,850,440,410,2.07,1,13,7,Limited,Limited access,Trade school,28,27,30,27,27,880,410,470,2.26158446389907,5,18.325137740013282,7,Enrolled 2-year,No,NA,5,Probably,3,30,0.19158446389907002,4,0
CYC2022173,2022,2023-07-25,16,11th,Black or African American,Male,Providence High School,No,"$25,000-$39,999",4,No,College Prep,No,N/A,21,21,17,23,23,840,440,400,3.07,3,13,7,Moderate,No reliable access,4-year college,25,26,26,27,25,850,460,390,3.3241652209326915,4,16.177493044807015,9,Enrolled 2-year,No,NA,5,Definitely,4,10,0.25416522093269167,1,2
CYC2022174,2022,2023-10-13,17,12th,Black or African American,Male,Myers Park High School,Yes,"Under $25,000",3,Yes,Career Readiness,No,N/A,12,11,13,16,13,1070,550,520,2.48,1,1,6,None,Good access,Undecided,15,16,13,13,15,1210,630,580,3.1144105486002207,3,2.686785280831514,9,Enrolled 2-year,Yes,1700,5,Definitely,3,140,0.6344105486002207,2,3
CYC2022176,2022,2023-07-09,18,12th,Black or African American,Female,Ardrey Kell High School,Yes,"$40,000-$59,999",3,Yes,Dual Track,Yes,No,23,21,23,26,25,920,450,470,2.27,1,13,9,None,Limited access,Community college,24,25,26,22,23,1080,550,530,2.089079189351711,3,15.67256154088069,10,Military,No,NA,4,Definitely,1,160,-0.1809208106482889,2,1
CYC2022177,2022,2023-10-16,18,12th,Black or African American,Male,Myers Park High School,No,"$25,000-$39,999",3,Yes,College Prep,No,No,12,12,11,16,15,1300,670,630,1.33,6,8,2,Strong,Limited access,Community college,16,16,18,18,15,1360,620,740,2.042686314626757,9,11.409842914159324,3,Enrolled 2-year,No,NA,3,Maybe,4,60,0.7126863146267568,3,1
CYC2022178,2022,2023-09-10,18,12th,Black or African American,Male,Hopewell High School,Yes,"$25,000-$39,999",3,Yes,Intensive Support,No,No,20,22,19,22,22,1330,720,610,2.22,5,7,4,Limited,Limited access,Community college,23,24,20,26,22,1420,680,740,2.41952680036256,4,8.507510551454263,6,Working,Yes,3000,5,Probably,3,90,0.19952680036255988,-1,2
CYC2022179,2022,2023-06-28,17,12th,Black or African American,Female,Hopewell High School,Yes,"Under $25,000",6,No,Career Readiness,No,No,10,13,9,8,11,970,450,520,3.47,2,14,5,Moderate,Good access,Work,13,11,15,15,12,1110,590,520,4,4,14.982920815933266,6,Other,No,NA,4,Probably,3,140,0.5299999999999998,2,1
CYC2022184,2022,2023-08-17,17,12th,Black or African American,Female,Providence High School,Yes,"Under $25,000",4,Yes,College Prep,No,No,22,20,18,25,19,1000,490,510,3.07,2,16,5,Moderate,No reliable access,Community college,26,28,27,24,28,1140,610,530,3.23055912704732,5,14.620137144766062,5,Trade program,No,NA,4,Probably,4,140,0.16055912704732034,3,0
CYC2022185,2022,2023-08-21,16,11th,White,Female,Rocky River High School,Yes,"$40,000-$59,999",5,Yes,Dual Track,No,No,17,17,13,16,16,1040,490,550,4,9,8,3,Limited,Good access,Undecided,21,23,18,19,23,1070,560,510,3.7884645192140565,10,11.653386976710197,5,Trade program,Yes,5500,3,Definitely,4,30,-0.21153548078594353,1,2
CYC2022188,2022,2023-09-13,18,12th,Multiracial,Male,South Mecklenburg High School,Yes,"$25,000-$39,999",2,No,Career Readiness,No,Yes,25,28,22,27,24,1020,490,530,1.81,7,0,2,Moderate,Good access,Community college,27,25,25,26,28,1100,500,600,2.188369703800026,8,2.409534793082189,4,Military,No,NA,5,Probably,2,80,0.378369703800026,1,2
CYC2022189,2022,2023-10-05,16,11th,Hispanic/Latino,Female,Harding University High School,No,"$25,000-$39,999",3,No,College Prep,No,No,26,27,23,28,26,950,430,520,2.87,2,0,8,Moderate,No reliable access,Trade school,29,31,27,31,28,1060,510,550,2.900109132809723,4,4.809260672031376,8,Military,Yes,2200,4,Maybe,3,110,0.030109132809722716,2,0
CYC2022190,2022,2023-08-21,18,12th,Hispanic/Latino,Non-binary,Butler High School,Yes,"Under $25,000",2,Yes,College Prep,No,No,16,14,15,14,19,1030,480,550,1.53,5,1,1,Strong,No reliable access,4-year college,18,19,19,19,18,1060,570,490,1.8476351748808604,7,6.8544515138609885,4,Gap year,Yes,6600,5,Definitely,2,30,0.31763517488086035,2,3
CYC2022191,2022,2023-08-13,15,9th,Black or African American,Female,Rocky River High School,No,"$25,000-$39,999",2,Yes,Career Readiness,No,No,26,26,23,30,23,1140,570,570,2.58,10,7,4,Limited,No reliable access,4-year college,29,28,30,28,31,1250,640,610,3.3106216056143003,10,6.3951646455864815,7,Enrolled 4-year,Yes,10000,4,Definitely,3,110,0.7306216056143002,0,3
CYC2022192,2022,2023-06-22,18,12th,White,Female,Ardrey Kell High School,Yes,"$40,000-$59,999",4,Yes,Dual Track,No,Yes,14,15,11,16,14,1210,640,570,2.8,7,19,6,None,No reliable access,4-year college,18,19,19,16,19,1230,610,620,3.059386652770002,10,23.658412860673952,8,Enrolled 4-year,No,NA,3,Definitely,4,20,0.25938665277000217,3,2
CYC2022193,2022,2023-07-26,17,11th,Hispanic/Latino,Male,North Mecklenburg High School,No,"Under $25,000",5,Yes,College Prep,Yes,Yes,18,18,19,16,19,1260,690,570,1.59,6,5,4,Strong,Limited access,4-year college,20,22,20,18,21,1340,710,630,1.6624612087016426,7,8.657210552011016,7,Enrolled 2-year,Yes,5000,5,Definitely,2,80,0.07246120870164252,1,3
CYC2022194,2022,2023-08-21,17,12th,Black or African American,Male,Julius Chambers High School,No,"Under $25,000",4,Yes,Career Readiness,No,No,18,18,19,22,20,980,450,530,2.78,8,9,4,Strong,Limited access,Community college,19,18,21,22,19,1130,550,580,2.898987583309256,8,12.982868378513967,6,Enrolled 4-year,No,NA,5,Probably,1,150,0.11898758330925618,0,2
CYC2022196,2022,2023-10-16,18,12th,White,Female,Garinger High School,No,"$40,000-$59,999",4,Yes,College Prep,No,No,10,13,6,8,13,1080,530,550,1.77,5,9,4,None,Good access,Work,13,14,15,15,13,1140,600,540,2.0981098369065143,5,12.426036821761372,6,Enrolled 4-year,Yes,7000,5,Definitely Not,3,60,0.3281098369065143,0,2
CYC2022197,2022,2023-07-19,16,11th,Hispanic/Latino,Male,Myers Park High School,Yes,"$60,000-$79,999",5,No,Career Readiness,Yes,No,14,11,10,13,11,700,330,370,2.54,3,9,1,Limited,Limited access,Community college,15,13,15,17,13,780,420,360,2.714781164362475,5,14.762090769422352,4,Trade program,No,NA,5,Probably,1,80,0.17478116436247504,2,3
CYC2022198,2022,2023-07-15,17,12th,Black or African American,Female,Garinger High School,Yes,"$40,000-$59,999",6,Yes,Intensive Support,No,No,24,26,25,26,21,960,490,470,4,9,9,7,None,Limited access,4-year college,27,29,28,28,26,1020,490,530,4,10,12.12046283286778,8,Military,No,NA,4,Definitely,3,60,0,1,1
CYC2022199,2022,2023-09-27,18,12th,Black or African American,Female,Vance High School,No,"$25,000-$39,999",4,Yes,College Prep,No,No,21,24,23,22,21,620,300,320,2.82,2,13,1,None,Good access,Community college,23,22,23,24,23,760,380,380,3.697738921758964,4,18.25778701639519,2,Enrolled 2-year,Yes,8800,5,Definitely,2,140,0.8777389217589642,2,1
CYC2022200,2022,2023-09-16,16,11th,Black or African American,Female,Julius Chambers High School,No,"Under $25,000",5,No,Dual Track,Yes,No,18,19,16,16,18,1180,600,580,3.51,2,0,7,Limited,Good access,Trade school,22,24,22,22,24,1270,700,570,4,5,2.344055507261702,10,Enrolled 4-year,Yes,5800,4,Definitely,4,90,0.4900000000000002,3,3
CYC2022201,2022,2023-10-04,17,12th,White,Female,Butler High School,No,"$60,000-$79,999",5,No,Dual Track,No,No,27,24,27,30,28,950,450,500,2.78,4,6,2,Limited,Limited access,4-year college,28,28,28,31,27,1000,530,470,3.0006945125983884,5,10.853958011983174,6,Gap year,Yes,9700,3,Definitely,1,50,0.22069451259838857,1,4
CYC2022202,2022,2023-10-04,16,11th,Black or African American,Female,Mallard Creek High School,No,"$100,000+",5,Yes,Dual Track,No,No,18,17,14,16,18,1010,520,490,2.59,3,9,2,Limited,Good access,4-year college,19,17,18,17,21,1100,590,510,3.1396786719253753,5,13.205884310468933,4,Enrolled 2-year,Yes,5000,5,Definitely,1,90,0.5496786719253755,2,2
CYC2022203,2022,2023-08-26,15,10th,Black or African American,Female,Vance High School,Yes,"$80,000-$99,999",4,No,Intensive Support,No,Yes,21,19,17,19,21,1060,480,580,3.23,8,12,3,None,Good access,Work,25,23,22,27,26,1060,540,520,3.263873168767884,10,14.211488655313161,4,Enrolled 2-year,No,NA,5,Probably Not,4,0,0.03387316876788393,2,1
CYC2022204,2022,2023-07-20,17,12th,Black or African American,Male,Providence High School,Yes,"Under $25,000",3,Yes,College Prep,No,Yes,23,25,22,21,23,1140,620,520,2.49,10,6,5,Limited,No reliable access,Trade school,25,23,25,28,24,1230,570,660,2.6942334077650467,10,10.096061802708846,6,Enrolled 4-year,No,NA,5,Probably,2,90,0.2042334077650465,0,1
CYC2022205,2022,2023-10-21,16,10th,Black or African American,Male,East Mecklenburg High School,Yes,"Under $25,000",4,Yes,College Prep,No,No,14,17,12,12,15,660,320,340,1.97,4,11,1,None,Limited access,Community college,17,18,14,15,18,680,370,310,2.0253865050329707,6,14.254255374838722,3,Working,No,NA,5,Maybe,3,20,0.05538650503297071,2,2
CYC2022206,2022,2023-09-23,17,11th,Hispanic/Latino,Female,Butler High School,Yes,"$25,000-$39,999",2,No,College Prep,No,No,23,23,25,21,24,1270,670,600,1.94,3,0,3,None,Limited access,Undecided,25,27,27,28,24,1360,670,690,2.343812465549345,4,2.370699690055957,4,Enrolled 2-year,No,NA,5,Definitely,2,90,0.40381246554934513,1,1
CYC2022207,2022,2023-07-19,16,11th,Black or African American,Female,Rocky River High School,Yes,"$25,000-$39,999",5,No,Dual Track,No,No,15,18,15,19,13,850,450,400,1.41,8,10,2,None,Good access,Work,17,17,14,15,19,1050,570,480,2.07492219802789,10,15.876901186396317,3,Trade program,Yes,9800,4,Definitely,2,200,0.6649221980278901,2,1
